"key","value"
"page_title","Blog — Little Seeds & Peter Pan Schools"
"hero_label","🪄 Little Seeds & Peter Pan Schools Blog"
"hero_title","Resources & Insights for Families"
"hero_subtitle","Tips, guides, and stories from our educators."
"filter_tab_1","All Posts"
"filter_tab_2","Curriculum"
"filter_tab_3","Parenting Tips"
"filter_tab_4","Development"
"filter_tab_5","School News"
"nav_active_blog","active"
"load_more_btn","Load More Posts"
"featured_post","what-is-a-child-care-curriculum.md"
"post_1","10-childcare-center-benefits-for-families.md"
"post_2","alameda-preschool-with-long-tenured-teachers.md"
"post_3","a-parent-s-guide-to-preschool-learning-goals.md"
"post_4","how-to-compare-daycare-curriculums-well.md"
"post_5","how-children-learn-through-play.md"
"post_6","when-should-kids-start-preschool.md"
"post_7","a-parent-s-guide-to-infant-childcare-programs.md"
"post_8","daycare-security-measures-parents-should-know.md"
"post_9","what-age-is-pre-kindergarten.md"
"post_10","top-preschools-in-alameda-for-3-year-olds-finding-the-perfect-fit-for-your-child.md"
"post_11","the-importance-of-nursery-schools-in-alameda.md"
"post_12","early-childhood-education-trends-2026.md"
"post_13","understanding-the-key-features-of-a-high-quality-preschool-program-and-common-pitfalls-to-avoid.md"
"post_14","peter-pan-preschool-parent-reviews-guide.md"
"post_15","how-to-handle-daycare-separation-anxiety.md"
"post_16","understanding-separation-anxiety-in-preschool-children-essential-insights-for-parents.md"
"post_17","how-to-transition-baby-to-daycare-smoothly.md"
"post_18","choosing-an-infant-daycare-in-alameda-a-thoughtful-guide-for-your-little-one.md"
"post_19","preschool-enrollment-steps-explained-clearly.md"
"post_20","15-best-questions-to-ask-daycare.md"
"post_21","15-preschool-tour-questions-to-ask.md"
"post_22","choosing-a-preschool-in-alameda-what-matters.md"
"post_23","choosing-the-right-alameda-daycare.md"
"post_24","creative-and-engaging-infant-play-activities-for-early-development.md"
"post_25","daycare-vs-preschool-differences-explained.md"
"post_26","daycare-waitlists-how-they-really-work.md"
"post_27","discovering-infant-care-benefits-in-alameda.md"
"post_28","exciting-activities-for-early-childhood-development-embracing-play-based-learning-for-children.md"
"post_29","how-to-join-preschool-waitlist-the-right-way.md"
"post_30","infant-daycare-safety-standards-explained.md"
"post_31","is-your-child-ready-for-kindergarten.md"
"post_32","kindergarten-readiness-skills-checklist.md"
"post_33","parents-night-out-childcare-how-to-choose.md"
"post_34","peter-pan-preschool-alameda-for-growing-minds.md"
"post_35","play-based-learning-in-preschool-explained.md"
"post_36","play-based-preschool-in-alameda-what-to-look-for.md"
"post_37","pre-k-programs-in-alameda-what-to-look-for.md"
"post_38","pre-k-readiness-guide-for-parents.md"
"post_39","preschool-daily-schedule-examples-parents-can-use.md"
"post_40","preschool-parent-handbook-forms-explained.md"
"post_41","preschool-readiness-skills-a-parent-checklist.md"
"post_42","toddler-learning-at-daycare-that-truly-sticks.md"
"post_43","what-infant-daycare-program-details-matter.md"
"post_44","what-to-ask-on-a-daycare-tour.md"
